"Guid","Title","Party","Description","Cost","Location","Type","Date","Announcedby","Portfolio","Contacts","_id"
"20","Handcrafted Steel Sausages","6","Natus possimus et dolore corrupti. Nulla est velit alias aut qui. Totam hic neque at qui adipisci.\n \rAt rerum qui. Tempora fugiat saepe non architecto dolor. Enim debitis omnis voluptas accusantium. In natus nesciunt ipsa quos ullam eligendi est.","444067691775903.06","19","2","2018-09-29T11:59:13+10:00","Jules Prohaska","00000006-0000-0000-0000-000000000000","Darby Aufderhar","7ee6d7d6bf59463da288bc61ac2e6ba9"
"19","Practical Cotton Pants","5","Assumenda molestiae quia a eius aut cupiditate perferendis itaque. Facilis aspernatur tempore eveniet tempore harum nemo fugit in possimus. Ut eos est nobis tenetur. Itaque repellendus et aut voluptatibus aliquam. Qui iste ea. Asperiores adipisci est rerum occaecati pariatur molestiae maiores sequi beatae.\n \rCum dolor itaque quasi consequatur dolor. Aut eius error explicabo veritatis. Ut blanditiis ut dolor maiores. Quo est adipisci dolores in. Nulla ea ipsam cumque et dolore vitae nobis aut natus.","922197656318117.00","18","1","2018-09-23T03:01:33+10:00","Kailyn Powlowski","00000005-0000-0000-0000-000000000000","Hosea DuBuque","614f5300ce304928895d8d7b9c92597e"
"18","Rustic Concrete Shirt","4","Quis iste qui ipsa eaque molestiae culpa recusandae. Ut atque aut ut aut. Animi neque quasi ut. Dolore corrupti enim molestias sed est esse temporibus quia sint. Et quos maiores ab provident sint aut id. Et doloremque tempore voluptate omnis molestiae.\n \rDolor repellat et temporibus placeat consequatur ea facilis non. Esse nulla quis neque. Magni molestias voluptatum excepturi adipisci occaecati.","67000939978100.00","17","3","2018-09-30T08:27:16+10:00","Clementine McDermott","00000004-0000-0000-0000-000000000000","Emmy Ryan","ef9ec332f23642c0a82a8bc9a15da404"
"17","Awesome Metal Soap","3","Molestiae officia qui. Eos officia voluptatibus culpa. Provident corporis nam quas fugiat quod. A nobis nam praesentium possimus.\n \rEt repudiandae est voluptas quia cumque ab laboriosam asperiores qui. Qui nemo autem atque. Qui quos nostrum. Similique aperiam numquam et delectus et reprehenderit quia nesciunt.","298650045183551.00","16","2","2018-09-08T15:52:16+10:00","Waino Funk","00000003-0000-0000-0000-000000000000","Eliza Terry","0cb5929b32b74a5ab8dde7196b2da121"
"16","Incredible Fresh Computer","2","Est est modi odit ad voluptas nam. Molestiae illum in blanditiis est aut expedita quasi. Animi nostrum quo nostrum sit mollitia quis amet.\n \rVoluptatem voluptatem sunt consequatur reiciendis asperiores eum neque sequi asperiores. Non deleniti asperiores adipisci laborum eos explicabo facilis tempore. Quia et pariatur omnis est.","138656863407101.00","15","1","2018-09-19T00:23:42+10:00","Arlene Runte","00000012-0000-0000-0000-000000000000","Jewel Huels","86c9abd57ee140a3b8c7897ab1d22ea0"
"15","Handcrafted Rubber Tuna","1","Minus laborum et at voluptatibus. Placeat et cumque. Impedit consectetur et commodi quis consequatur illum consequatur consectetur architecto.\n \rEos vel dignissimos assumenda. Vero id inventore eaque vel suscipit recusandae. Quaerat sit sunt repellat dolorem consequatur ratione rerum. Quae ut consequuntur repellendus eaque qui ut id sunt. Quas quaerat tempore voluptas veniam aut.","684644923627945.00","14","3","2018-09-28T22:27:45+10:00","Antonette Schuppe","00000011-0000-0000-0000-000000000000","Brendan Wiegand","9d513e529b6e4fa0b12238abd9edddb7"
"14","Fantastic Concrete Ball","0","Sed laudantium occaecati dolorem non incidunt omnis quia sunt odit. Accusamus praesentium voluptatem. Laudantium quod deleniti pariatur totam.\n \rMinus rerum eaque eaque doloribus voluptatem voluptas nihil non minima. Ut consequatur velit quidem. Omnis incidunt autem dolorum maiores mollitia accusamus dolor aut. Voluptas ipsa iste et quo. Dolore nihil neque nemo eligendi et et aut. Nulla animi repellendus quo ut laboriosam eos.","610072926542425.00","13","2","2018-09-24T09:23:53+10:00","Norene Konopelski","00000010-0000-0000-0000-000000000000","Creola Homenick","f425408987d347469b6540846a5333cc"
"13","Practical Plastic Chicken","12","Molestias sed culpa ipsa facilis aspernatur voluptatem. Sit at corrupti ipsa rerum explicabo sit in dignissimos nihil. Et et quis a quia perferendis. Alias similique nam cumque doloremque aut consectetur est. Consequatur ut illo sunt.\n \rMolestias similique ut et ipsum. Quos quidem et ut mollitia excepturi omnis. Ratione expedita omnis qui eos nemo. Et qui magnam maiores qui repellat quia minima eius accusantium.","413060282478315.06","12","1","2018-09-24T05:40:06+10:00","Fatima Kuphal","0000000f-0000-0000-0000-000000000000","Armando Abernathy","3958342987184430b49bd00b0d1a2cfe"
"12","Intelligent Rubber Keyboard","11","Voluptatibus facilis eveniet sed. Sunt esse harum nesciunt occaecati. Corporis praesentium natus alias ab qui magni ipsam reprehenderit aperiam. Omnis facere odit modi aliquam quis ex.\n \rPariatur recusandae recusandae in aut ea vel cumque praesentium. Porro ut beatae fugiat molestiae sequi ut repudiandae explicabo. Quis deleniti recusandae ad iure est porro.","299607017545068.00","11","3","2018-09-16T12:55:47+10:00","Maxie Block","0000000e-0000-0000-0000-000000000000","Ed Bednar","33228f1d5570420fb8ccb57e5c2ceec6"
"11","Refined Cotton Table","10","Quod ex ea expedita nihil. Eaque blanditiis iste. Voluptas quia atque est ad aperiam. Consequatur non sunt pariatur et eaque.\n \rQuis doloremque minima rerum commodi consequuntur et. Repellat id at eum temporibus illo facilis atque. Assumenda consequatur ullam veniam accusantium ipsam in a et culpa. Recusandae facere quo quasi quia aut quidem. Iusto maxime cum.","929678441561300.00","10","2","2018-09-18T17:32:04+10:00","Alaina Kshlerin","0000000d-0000-0000-0000-000000000000","Paris Stracke","04c901af19744300be7153c316e8d45a"
"10","Generic Metal Tuna","9","Aut repellat architecto ut et non. Reprehenderit et repellat. Amet quia velit praesentium sunt dolores maiores. Quos optio necessitatibus recusandae alias non nobis vitae animi ut.\n \rAdipisci natus dolores et odit magni. Explicabo quos rem et doloremque officia minus. Nam soluta molestiae.","651082147261731.00","9","1","2018-09-19T13:22:04+10:00","Joyce Ritchie","0000000c-0000-0000-0000-000000000000","Samara Powlowski","6e9b4b0b6850447aad6b7fc791a94bc0"
"9","Gorgeous Wooden Chair","8","Laboriosam deserunt totam nam perferendis sit unde. Illo est est. Mollitia ab labore quia in cumque est. Beatae voluptatem est sunt et provident dolorum. Labore ab sunt dicta. Labore harum magnam eum culpa sit reiciendis dignissimos.\n \rIure ipsa velit fugiat. Cupiditate voluptas autem eius mollitia. Autem voluptatem repellendus necessitatibus aut. Nulla harum et. Beatae sit fuga et voluptatem aut eos optio.","478269245997260.94","8","3","2018-09-17T13:05:10+10:00","Kaya Reichel","0000000b-0000-0000-0000-000000000000","Isaac McCullough","d3b355b62b574c769abf56f42721ce68"
"8","Licensed Soft Shirt","7","Qui enim deserunt debitis iure. Dignissimos quaerat quaerat totam molestias eum qui enim. Quia enim dolor molestiae omnis dolorem praesentium ut.\n \rMagnam natus earum rerum dicta dolorem exercitationem et aut. Similique rerum atque doloribus quae et sunt qui. Cupiditate a eius voluptatem aliquam veniam est ut aut. Minus totam amet debitis animi voluptatibus sint sequi praesentium. Reprehenderit eos autem et saepe maiores. Ipsum sunt tempora vel nulla cumque blanditiis ut sit.","988627048686344.00","7","2","2018-10-03T07:40:49+10:00","Cornelius Dooley","0000000a-0000-0000-0000-000000000000","Darius Lehner","46d61e99bf4841468bb61dd10eb8a9e8"
"7","Awesome Granite Chips","6","Saepe quisquam sint et nemo totam non. Voluptatibus tempore a. Mollitia magni fugiat molestiae numquam quisquam veniam sint sed. Debitis iusto molestiae ut dolorum. Libero quasi tempora quis non itaque ipsa incidunt rerum.\n \rQuibusdam odit vero reiciendis dolor ullam dicta excepturi. Repudiandae est perferendis rerum sed placeat et. Nobis fugit eum ut dolorem magni qui voluptas neque. Doloribus enim laboriosam. Ipsum enim repellendus.","384645774178888.00","6","1","2018-10-01T18:11:27+10:00","Kiarra Simonis","00000009-0000-0000-0000-000000000000","Emie Hayes","fa7709fae37b472eb608bdb6eeaa9d12"
"6","Practical Frozen Towels","5","Architecto alias iure explicabo qui ab laboriosam dolorem error qui. Odio voluptatibus cumque dignissimos et a est qui eos dolorem. Impedit provident blanditiis et assumenda occaecati omnis a nam dolores.\n \rSuscipit natus possimus iusto delectus. Quisquam rerum sunt culpa doloribus consequatur rerum corporis. Repellendus voluptatem autem eos.","363835724706832.00","5","3","2018-09-12T05:12:12+10:00","Deshawn Fay","00000008-0000-0000-0000-000000000000","Lavonne Predovic","6a69c4a83f5c47d498d6e366fc6cf984"
"5","Unbranded Soft Pizza","4","In corrupti expedita sed atque esse ea ut aut. Corporis provident necessitatibus. Dolores eum neque voluptatem qui. Adipisci in assumenda deserunt nihil consequatur repudiandae odit.\n \rOptio ipsam magni possimus et vel expedita alias quo. Et sed soluta nihil odit exercitationem rerum tempora corporis. Deleniti veritatis unde adipisci. Recusandae minus explicabo quia dolorem eos voluptas.","800024274470958.13","4","2","2018-09-13T07:25:27+10:00","Landen Feest","00000007-0000-0000-0000-000000000000","Everett Muller","f8c38ca69d114b79955092122d7971aa"
"4","Awesome Rubber Chips","3","Libero qui non minima odit a. Alias sit sed dolores. Delectus perferendis id omnis sed assumenda ipsam est tempora. Fugit expedita magnam et voluptatem voluptate qui unde nulla. Omnis totam voluptates. Veritatis voluptas commodi temporibus.\n \rAperiam asperiores est delectus ipsam quos omnis iusto nihil. Et ut minima et consequatur praesentium reiciendis modi aperiam. Accusamus sit quasi voluptatibus aliquam itaque laborum alias. Earum dolorem asperiores tenetur.","204554179081789.00","3","1","2018-10-01T05:49:40+10:00","Milton Bode","00000006-0000-0000-0000-000000000000","Oliver Dickens","c599e1815c0445a8ba359140f570e604"
"3","Sleek Wooden Shirt","2","Ipsa eos sed porro facilis. Iure voluptatem qui ipsa. Iste enim odio laborum adipisci pariatur. Ratione qui ipsum est tenetur deserunt sequi nihil vel perspiciatis. Expedita molestiae est commodi ex deserunt qui hic est. Esse quas alias velit doloremque fugiat laboriosam consectetur.\n \rQuo a in eaque nesciunt dicta architecto et autem. Adipisci nemo iusto qui ea fugit. Dignissimos ratione molestias debitis sint. At in magni maiores molestiae error sequi ut recusandae. Iusto eligendi voluptas similique soluta inventore dolorem ipsa et.","815421713467864.00","2","3","2018-09-08T17:14:17+10:00","Onie Langosh","00000005-0000-0000-0000-000000000000","Marty Wunsch","f232502f5e324ef4bbeef7b8c3099b2b"
"2","Tasty Fresh Salad","1","Cumque qui sunt illum dolor veritatis aut. Aut omnis assumenda beatae nobis cum iste neque sit accusantium. Consequatur sint iusto nisi inventore quia vel quaerat.\n \rEa officia sed quis quae harum ipsam. Et et eos numquam. Nemo modi sed quaerat nihil vel doloribus delectus in fugiat. Ratione ab culpa ut.","184478329611625.00","1","2","2018-09-18T13:28:36+10:00","Iva Collier","00000004-0000-0000-0000-000000000000","Jennyfer Goodwin","0f3339a27a15466c9497e058a8f0dc0d"
"1","Handmade Cotton Bike","0","Et porro inventore minus ut iste ut quo recusandae in. Vel quia explicabo nisi eligendi. Minus quae repellat voluptatibus est non quos et. Et reiciendis eos ipsum. Libero ullam illo id ea dolor.\n \rDistinctio assumenda dolores a rerum nam. Optio ullam eum earum consequatur rerum consequuntur possimus. Aut laboriosam labore praesentium vel unde officiis. Totam distinctio eveniet vero aspernatur id expedita ut cupiditate modi. Accusamus et velit temporibus. Fugiat rerum soluta doloribus officiis consequatur.","501257157451958.00","0","1","2018-09-26T21:14:56+10:00","Gina Dooley","00000003-0000-0000-0000-000000000000","Kaleb Leuschke","db84953efb5347f28a6abeccf21c9367"
"1000","The Test of Pete","1","Bacon ipsum dolor amet prosciutto fatback porchetta boudin shoulder buffalo. Prosciutto turkey shankle rump sirloin, jerky sausage kevin meatball. Pig meatloaf pork chop, kielbasa tri-tip rump picanha cupim landjaeger filet mignon strip steak tail ball tip pastrami alcatra. Ribeye corned beef shank pastrami. Ham hock ball tip beef ribs, pork belly pancetta fatback pastrami. Hamburger brisket boudin, cow tongue beef meatloaf doner prosciutto shankle ham turkey porchetta chuck kevin. Andouille burgdoggen landjaeger short loin, short ribs rump pork loin ham cow beef strip steak.","","5","1","","Stickwick Staples","00000011-0000-0000-0000-000000000000","","4105b615ffb1436eb44852a1ed286721"
